{
    "Jogging": {
        "f1-score": 0.9973783862510922,
        "precision": 0.9965075669383003,
        "recall": 0.9982507288629737,
        "support": 1715
    },
    "Walking": {
        "f1-score": 0.9972451790633609,
        "precision": 0.9981617647058824,
        "recall": 0.9963302752293578,
        "support": 1635
    },
    "macro avg": {
        "f1-score": 0.9973117826572265,
        "precision": 0.9973346658220914,
        "recall": 0.9972905020461658,
        "support": 3350
    },
    "micro avg": {
        "f1-score": 0.9973134328358209,
        "precision": 0.9973134328358209,
        "recall": 0.9973134328358209,
        "support": 3350
    },
    "weighted avg": {
        "f1-score": 0.9973133731908114,
        "precision": 0.997314914206956,
        "recall": 0.9973134328358209,
        "support": 3350
    }
}