{
    "Jogging": {
        "f1-score": 0.9997085397843195,
        "precision": 0.9994172494172494,
        "recall": 1.0,
        "support": 1715
    },
    "Walking": {
        "f1-score": 0.9996940960538391,
        "precision": 1.0,
        "recall": 0.999388379204893,
        "support": 1635
    },
    "macro avg": {
        "f1-score": 0.9997013179190792,
        "precision": 0.9997086247086246,
        "recall": 0.9996941896024465,
        "support": 3350
    },
    "micro avg": {
        "f1-score": 0.9997014925373134,
        "precision": 0.9997014925373134,
        "recall": 0.9997014925373134,
        "support": 3350
    },
    "weighted avg": {
        "f1-score": 0.9997014903815327,
        "precision": 0.9997016664927113,
        "recall": 0.9997014925373134,
        "support": 3350
    }
}